Anthropology,Like Humans Do,David Byrne
Anthropology,The Devil Put Dinosaurs Here,Alice In Chains
Anthropology,The Caves Of Altamira,Steely Dan
Anthropology,Diggin Up Bones,Randy Travis
Anthropology,Queen of the Savages,The Magnetic Fields
Anthropology,The Bad Touch,Bloodhound Gang
Anthropology,My Old Man,The Smothers Brothers
Anthropology,Hungry Heart,Bruce Springsteen
Anthropology,New Dark Ages,Bad Religion
Anthropology,Human,The Killers
Anthropology,In the Days of the Caveman,Crash Test Dummies
Anthropology,Slow Down You Grave Robbing Bastard,The Meteors
Anthropology,People Are People,Depeche Mode
Anthropology,Raiders March,John Williams
Jive,Tired Of Your Jive,BB King
Jive,Hit That Jive,Gramatik
Jive,Born To Hand Jive,Sha Na Na
Jive,The Phat Jive,Patrick Lindsey
Jive,The Scenario,A Tribe Called Quest
Jive,Virginia Plain,Roxy Music
Jive,Java Jive,The Ink Spots
Jive,Juke Box Jive,Rubettes
Jive,Rhine Jive Click,Guided By Voices
Jive,Our Love Will Last,The Jivers
Jive,Jiving Sister Fanny,Rolling Stones
Jive,Do You Love Me,The Contours
Not on the Soundtrack,Abduction At Airport from Big Trouble in Little China,John Carpenter
Not on the Soundtrack,Where Is My Mind,Pixies
Not on the Soundtrack,The Coming Storm,John Williams
Not on the Soundtrack,Love Will Tear Us Apart,Joy Division
Not on the Soundtrack,Nearer My God To Thee,Titanic
Not on the Soundtrack,Cabin In The Air,Nancy Wilson
Not on the Soundtrack,Dissolved Girl,Massive Attack
Not on the Soundtrack,The Nightclub Brawl from Indiana Jones and the Temple of Doom,John Williams
Not on the Soundtrack,Sweet Emotion,Aerosmith
Not on the Soundtrack,Maniac,Michael Sembello
Not on the Soundtrack,Heaven Is A Place On Earth,Belinda Carlisle
Not on the Soundtrack,I Am Waiting,Rolling Stones
Odd,Just One Fix,Ministry
Odd,Odd Look,Kavinsky
Even,Cut From The Cloth,The Evens
Even,Garbage,Even Though Our Love Is Doomed
Even,Even Numbers,They Might Be Giants
Odd,Bottom Of The Sea,Matt Nathanson
Even,Even In His Youth,Nirvana
Even,Marilyn Monroe,Pharrell Williams
Even,Not even jail,Interpol
Odd,Strange Phenomena,Kate Bush
Even,Even Less,Porcupine Tree
Odd,Lucky Number,Lene Lovich
Even,Even Dogs in the Wild,Associates
Even,Even Tho,Webb Pierce
Even,Even It Up,HEART
Odd,The Odd Couple,Earnest Tubb and Loretta Lynn
Even,Bizarre Love Triangle,Even As We Speak
Odd,Oddity,The Clean
Odd,Heterosexual Man,The Odds
Odd,The Odd Couple,Billy May and His Orchestra
Even,Over and Even,Joan Shelley
Even,Even Now,Barry Manilow
Odd,Odds Of Even,Marilyn Manson
Song Of My People,This Is Halloween,Danny Elfman
Song Of My People,Christmastime for the Jews,Darlene Love
Song Of My People,My Favorite Things,Maria
Song Of My People,The Way We Get By,Spoon
Song Of My People,I Will Light You On Fire,Golden Shoulders
Song Of My People,Here Comes Your Man,Pixies
Song Of My People,Rise Above,Black Flag
Song Of My People,Invincible,Pat Benatar
Song Of My People,TCR,Song of My People Sleaford Mods
Song Of My People,De La Rey,Bok Van Blerk
Song Of My People,Loser,Beck
Song Of My People,Uptown,Prince
Song Of My People,Latchkey Kids,Good Tiger
Song Of My People,A Pict Song,Billy Bragg
Song Of My People,Bangla Desh,George Harrison
Song Of My People,Kids in America,Kim Wilde
Song Of My People,Oh England My Lionheart,Kate Bush
Song Of My People,Only Wanna Be With You,Hootie And The Blowfish
Song Of My People,In The Garage,Weezer
Song Of My People,North American Scum,LCD Soundsystem
Song Of My People,Sweet Home Alabama,Lynyrd Skynyrd
Song Of My People,Detroit Rock City,KISS
Song Of My People,Down Under,Men At Work
Song Of My People,Hooked on a Feeling,Blue Swede
Song Of My People,King of Spain,Moxy Fruvous
Song Of My People,Tarzan Boy,Baltimora
Soft Drinks,Root Beer Rag,Billy Joel
Soft Drinks,Oh Oh I Love Her So,RAMONES
Soft Drinks,Sweet and Dandy,Toots and the Maytals
Soft Drinks,Tall Cool One,Robert Plant
Soft Drinks,Go For Soda,Kim Mitchell
Soft Drinks,Lemme Take You To The Beach,Frank Zappa
Soft Drinks,White Slavery,Type O Negative
Soft Drinks,Babybird,Atomic Soda
Soft Drinks,Praise The Lowered,Devin Townsend Project
Soft Drinks,Children of Marx and Coca Cola,The Lovefools
Soft Drinks,Having A Party,Sam Cooke
Soft Drinks,Here Comes Alice,The Jesus and Mary Chain
Soft Drinks,Brilliant Mistake,Elvis Costello
Soft Drinks,Old Mother Nature,Lucifer
Soft Drinks,Koka Kola,The Clash
Soft Drinks,Yoda,Weird Al
Soft Drinks,Things Go Better With Coke,Otis Redding
Soft Drinks,Coca Cola Cowboy,Mel Tillis
Soft Drinks,Institutionalized,Suicidal Tendencies
Soft Drinks,Programmable Soda,Tori Amos
Soft Drinks,Mellow Yellow,Donovan
Soft Drinks,I Want You,Savage Garden
Soft Drinks,State O Maine,Tim Sample
Soft Drinks,Lola,The Kinks
Leaving Home,Born to Run,Bruce Springsteen
Leaving Home,Rocket Man,William Shatner
Leaving Home,Love Is a Battlefield,Pat Benatar
Leaving Home,Hit the Road Jack,Ray Charles
Leaving Home,Saying Goodbye,The Muppets
Leaving Home,The Ballad Of Bilbo Baggins,Leonard Nimoy
Leaving Home,Muirshin Durkin,The Pogues
Leaving Home,Smalltown Boy,Bronski Beat
Leaving Home,Promised Land,Chuck Berry
Leaving Home,Leaving Home,Jebediah
Leaving Home,Miles Away,John Foxx
Leaving Home,Dreams Of Leaving,The Human League
Leaving Home,Leaving the Past,Immortal Technique
Leaving Home,Step Back,Cringer
Leaving Home,Wild World,Cat Stevens
Leaving Home,By The Time I Get To Phoenix,Glen Campbell
Leaving Home,Ramble On,Led Zeppelin
Leaving Home,Honky Cat,Elton John
Leaving Home,Goodbye Yellow Brick Road,Elton John
Leaving Home,Goodbye Stranger,Supertramp
Leaving Home,Jet Airliner,Steve Miller Band
Invisible,Memoirs of an Invisible Man Theme,Shirley Walker
Invisible,Deep Purple,When a Blind Man Cries
Invisible,Invisible,Michael Penn
Invisible,Monster Rap,Elvira
Invisible,See Through,Low
Invisible,To Be Invisible,Curtis Mayfield
Invisible,The Invisible Man,Queen
Invisible,Invisible,Figure Study
Invisible,Invisible Guy,Richard Bone
Invisible,Golden Dreams,Invisible Limits
Invisible,Invisible Bugs,Mean Jeans
Halloween Season,Dracula Cha Cha,The Tango Saloon
Halloween Season,The Spider,Figure and TenGraphs
Halloween Season,Halloween,Mastodon
Halloween Season,Kinda Lingers,Here Come the Mummies
Halloween Season,Goo Goo Muck,Ronnie Cook
Halloween Season,Sort Of Haunted House,Too Much Joy
Halloween Season,Baby Frankie Stein,Hot Blood
Halloween Season,Halloween,Sonic Youth
Halloween Season,Night of the Vampire,Roky Erickson
Halloween Season,Frankenstein,New York Dolls
Halloween Season,Out In The Street,The Who
Halloween Season,Toccata and Fugue in D Minor,Johann Sebastian Bach
Halloween Season,This Masquerade,Leon Russell
Halloween Season,Halloween,Dead Kennedys
Halloween Season,Never Come Back,Kas Product
Halloween Season,Martian Monster,Phish
Halloween Season,Fell in a Well,Songwriter X and the Skeleton Band
Halloween Season,Halloween All Year,The Orwells
Halloween Season,Halloween,Siouxsie The Banshees
Halloween Season,Werewolf Bar Mitzvah,Tracy Jordan
Halloween Season,This Is Halloween demo,Danny Elfman
Halloween Season,Get Down Goblin,Jan Terri
Halloween Season,I Want Candy,Bow Wow Wow
Halloween Season,Thriller,Michael Jackson
Stuttering,Atwood,Like you
Stuttering,The Caterpillar,The Cure
Stuttering,Kiss Off,Violent Femmes
Stuttering,Rave On,Buddy Holly
Stuttering,Scatman,Scatman John
Stuttering,Psycho Killer,Talking Heads
Stuttering,Barbara Ann,Beach Boys
Stuttering,Sussudio,Phil Collins
Stuttering,James Earl Jones Has a Very Deep Voice,Papa Razzi and the Photogs
Stuttering,I Want Your Sex,George Michael
Stuttering,See You Again,Miley Cyrus
Stuttering,Katmandu,Bob Seger
Stuttering,Cherry Bomb,The Runaways
Stuttering,Laser Cannon Deth Sentence,Dethklok
Stuttering,Into The Light,Siouxsie and The Banshees
Stuttering,Stutter,Marianas Trench
Stuttering,Poker Face,Lady Gaga
Stuttering,The Logical Song,Supertramp
Stuttering,My Generation,The Who
Stuttering,Bad To The Bone,George Thorogood And The Destroyers
Floods,The Same Deep Water As You,The Cure
Floods,Tread Water,De La Soul
Floods,Flood II,The Sisters of Mercy
Floods,The Flood,Katie Melua
Floods,Flood,Jocelyn Pook
Floods,Rise Up Dirty Waters,Tomahawk
Floods,Atlantis,Donovan
Floods,Atlantis,LTJ Bukem
Floods,Flood II,Boris
Floods,Going Under,Evanescence
Floods,Floods,Pantera
Floods,The Flood,Take That
Floods,Rainmaker,Harry Nilsson
Floods,Radioactive Flood,Poesie Noire
Floods,The Flood Waters Were Upon The World,Clint Mansell
Floods,Flood to Flood,Liars
Floods,Fox Confessor Brings the Flood,Neko Case
Floods,Swimming in the Flood,Passion Pit
Floods,When The Levee Breaks,A Perfect Circle
Floods,They Might Be Giants,Theme from Flood
Floods,Floods,Pantera
Floods,Here Comes The Rain Again,Eurythmics
Floods,Lost In The Flood,Bruce Springsteen
Floods,When The Levee Breaks,Led Zeppelin
September,The World Of Tomorrow,Edward Shearmur
September,Every Day Is Halloween,Ministry
September,The AOL Song,Test of Time
September,Bryan Ferry,September Song
September,It Might As Well Rain Until September,Bobby Vee
September,Impressioni di Settembre,Premiata Forneria Marconi
September,September Sun,Type O Negative
September,September Morn,Neil Diamond
September,Talking To The Moon,Don Henley
September,I Love Saturday,Erasure
September,Waiting For September,Suicide Dada
September,Nightswimming,R E M
September,Blood On The Moon,Racquet Club
September,Lazymuthafucka,The Coup
September,April Come She Will,Simon and Garfunkel
September,It Might As Well Rain Until September,Carole King
September,September When It Comes,Johnny Cash and Rosanne Cash
September,Wake Me Up When September Ends,Green Day
Shuffle,Vienna,Billy Joel
Shuffle,Closing Time,Semisonic
Shuffle,Me and the Moon,Something Corporate
Shuffle,Birdmad Girl,The Cure
Shuffle,Electricity,Orchestral Manoeuvres In The Dark
Shuffle,The Cold Song,Klaus Nomi
Shuffle,Oblivious,Aztec Camera
Shuffle,The Begbies,Pythagoras Theorem
Shuffle,Clash City Rockers,The Clash
Shuffle,Love Is A Wonderful Colour,The Icicle Works
Shuffle,No Place to Fall,Kevin Morby
Shuffle,Yesterday,Swim Mountain
Shuffle,Police Truck,Dead Kennedys
Shuffle,Already Gone,The Eagles
Shuffle,Too Drunk to Fuck,Dead Kennedys
Shuffle,Heart Shaped Box,Nirvana
Shuffle,Telescope,Cage the Elephant
Shuffle,The Constitution,Ted Hawkins
Shuffle,One PM Again,Yo La Tengo
Shuffle,Danny Diamond,Squirrel Nut Zippers
Shuffle,Long Gone Lonesome Blues,Hank Williams Sr
Shuffle,A Better Version,King Tubby
Shuffle,Cliffs,Aphex Twin
Shuffle,Wake The Sun,The Matches
Shuffle,Makeba,Jain
Shuffle,No Shows,Gerard Way
Shuffle,From A Mountain In The Middle Of The Cabins,Panic At The Disco
Shuffle,Miserlou,Manolis Angelopoulos
Shuffle,Cruel Summer,Bananarama
Shuffle,Blue Moon,Beck
Shuffle,Down to the Sea,Elephant Revival
Shuffle,Lost Highway,Nitty Gritty Dirt Band
Shuffle,Pearl,Andrew Combs
Shuffle,Going Left Right,Department S
Shuffle,Adventures Close To Home,The Raincoats
Shuffle,La Chasse Aux Microbes,Michael Bundt
Shuffle,Nobody But Me,The Human Beinz
Shuffle,The Battle Of Evermore,Led Zeppelin
Shuffle,Twenty Four,Mudhoney
Shuffle,Summer,Mogwai
Shuffle,Violet Nude Women,The Internet
Storms,Storm Eagle,Powerglove
Storms,Gimme Shelter,The Rolling Stones
Storms,The Eye of Every Storm,Neurosis
Storms,Hurricane,Hamilton OBC
Storms,Rain,The Beatles
Storms,Weather Storm,Massive Attack
Storms,Tyrolean Knockabout,Half Man Half Biscuit
Storms,The Storm,Big Country
Storms,We Are the Storm,Dillinger Escape Plan
Storms,Strange Weather,Glenn Frey
Storms,Storms,Fleetwood Mac
Storms,Song of Storms,Koji Kondo
Storms,Bitches Brew,Miles Davis
Storms,After the Storm,Mumford and Sons
Storms,Shelter From the Storm,Bob Dylan
Storms,Hurricane Fighter,Alien Sex Fiend
Storms,Blame It On the Rain,Milli Vanilli
Storms,Rock You Like A Hurricane,Scorpins
Storms,Twilight of the Thunder God,Amon Amarth
Storms,Terrible Storm,Tegan and Sara
Storms,Storm Front,Billy Joel
Storms,Hurricane Jane,Black Kids
Storms,Backwater Blues,Colosseum
Storms,Heavy Storm,First Aid Kit
Storms,Stormbringer,Deep Purple
Storms,When The Levee Breaks,Led Zeppelin
Storms,Like A Hurricane,Neil Young
Storms,The Approaching Storm,Chicago
Storms,Riders On The Storm,The Doors
Labor,Jesus Does The Dishes,Wingnut Dishwashers Union
Labor,Banks of Marble,Mischief Brew
Labor,Lowly Carpenter,Mischief Brew
Labor,Worker Fate,Hudson Falcons
Labor,Union Man,Neil Young
Labor,Employment,Thee Faction
Labor,Unionize,The Redskins
Labor,Cumberland Blues,Grateful Dead
Labor,Career Opportunities,The Clash
Labor,Never Cross A Picket Line,Billy Bragg
Labor,There Is Power In A Union,Billy Bragg
Labor,Working Man,Matt Minglewood
Labor,Clampdown,The Clash
Labor,Union Maid,Old Crow Medicine Show
Labor,Get Back In Line,The Kinks
Labor,Joe Hill,Joan Baez
Labor,Working In a Coal Mine,Devo
Labor,The Ballad of Jimmy Hoffa,Smokey Stover
Labor,Union Burying Ground,Woody Guthrie
Labor,Working Class Hero,John Lennon
Labor,Working For The Weekend,Loverboy
Labor,And We Danced,The Hooters
Labor,There is Power in a Union,Joe Glazer
Awesome names,Hyperbolicsyllabicsesquedalymistic,ISAAC HAYES
Awesome names,Extraterrestrialmonstrositymultigenremegasuperstargreatestspectacularshowinouterspace,Cleopatra
Awesome names,Rock Around The Clock,Bill Haley And His Comets
Awesome names,Go to Hell,Nashville Pussy
Awesome names,Unsuccessfully Coping With The Natural Beauty Of Infidelity,Type O Negative
Awesome names,Hell,Squirrel Nut Zippers
Awesome names,Allan Sherman,Pop Hates the Beatles
Awesome names,Extreme Wealth and Casual Cruelty,Unknown Mortal Orchestra
Awesome names,Teenage Pussy from Outer Space,Buck Naked
Awesome names,Hairdresser On Fire,Morrissey
Awesome names,Two Girls,Ringo Deathstarr
Awesome names,The Goldheart Mountaintop Queen Directory,Guided By Voices
Awesome names,Six Pack,Black Flag
Awesome names,Withered Hand of Evil,Uncle Acid and the Deadbeats
Awesome names,Prequel to the Sequel,Between The Buried And Me
Awesome names,Last Chance To Evacuate Planet Earth Before It Is Recycled,Porcupine Tree
Awesome names,Love You Year Round,General B and the Wiz
Awesome names,The Only Good God is a Dead God,Terror Against Terror
Awesome names,Heaven Tonight,Yngwie Malmsteen
Awesome names,Smells Like OK Soda,Dillinger Four
Awesome names,Calypso Beach,Northeast Party House
Awesome names,I Wanna See Your Tattoo,Jon Cougar Concentration Camp
Awesome names,Sex on Wheelz,My Life With The Thrill Kill Kult
Awesome names,Satan Gave Me a Taco,Beck
Awesome names,Concrete City Breakdown,Green Milk From the Planet Orange
Awesome names,Death to All Culture Snitches,Two Lone Swordsmen
Awesome names,Several Species of Small Furry Animals Gathered Together in a Cave and Grooving with a Pict,Pink Floyd
Change,Change,Karnivool
Change,Change,Tears for Fears
Change,Golden Lights,The Smiths
Change,Roses,ABRA
Change,Them Changes,Thundercat
Change,Out Of the Blue,Delta Goodrem
Change,Times Change,New Order
Change,The Devil Drives,Murder By Death
Change,The Changeling,The Doors
Changeless,Such A Little Thing Makes Such A Big Difference,Morrissey
Change,Linkin Park,Breaking The Habit
Change,Changing of the Seasons,Two Door Cinema Club
Changeless,Some People Will Tell You,Sarah Jaffe
Change,Loose Change,Neil Young
Change,Changed The Locks,Lucinda Williams
Change,Changes IV,Cat Stevens
Change,Steer,Missy Higgins
Change,The Real Life,John Mellencamp
Change,I Can Change,Saddam Hussein
Changeless,Spider in the Snow,The Dismemberment Plan
Change,Things,The Statler Brothers
Change,Virtual Insanity,Jamiroquai
Change,I Can Change,LCD Soundsystem
Change,Perpetual Change,Yes
Changeless,The Same Old Me,Ray Price
Change,Victim Of Changes,Judas Priest
Change,Change,Those Attractive Magnets
Change,Cool Change,Little River Band
Change,Changes,Black Sabbath
Change,Not the Same,Ben Folds
Change,Change,Killing Joke
Changeless,Fortress,Pinback
Change,Wind of Change,Scorpions
Changeless,Nothing Changes,Death in June
Change,Witness the Change,Pete Shelley
Change,Something for Nothing,Rush
