Nuclear War,Adrian,Eurythmics
Nuclear War,Afraid of the Russians,Made for TV
Nuclear War,After the Holocaust,Nuclear Assault
Nuclear War,After the War,Asia
Nuclear War,Aftermath,Armored Saint
Nuclear War,Aftershock,Anthrax
Nuclear War,All Fall Down,B-Movie
Nuclear War,Always the Sun,The Stranglers
Nuclear War,American Soviets,CCCP
Nuclear War,April 2031,Warrant
Nuclear War,Armageddon Days (Are Here Again),The The
Nuclear War,Atom Drub Bop,The Three Johns
Nuclear War,Atom Tan,The Clash
Nuclear War,Atomic Dog,George Clinton and the P-Funk All-Stars
Nuclear War,Atomic Playboys,Steve Stevens
Nuclear War,Back to Zero,The Rolling Stones
Nuclear War,Beat Street,Grandmaster Flash and the Furious Five
Nuclear War,Beneath the Remains,Sepultura
Nuclear War,Between the Wheels,Rush
Nuclear War,Billy's Line,Red Box
Nuclear War,Birthright,Anderson, Bruford, Wakeman, Howe
Nuclear War,Black Celebration,Depeche Mode
Nuclear War,Black Planet,The Sisters of Mercy
Nuclear War,Blackened,Metallica
Nuclear War,Blossom and Blood,Midnight Oil
Nuclear War,Blow the House Down,Siouxsie and the Banshees
Nuclear War,Blowin' Sky High,Berlin
Nuclear War,Bombers,David Bowie
Nuclear War,Bomb Iran,JC &amp; The B-1 Bombers
Nuclear War,Bombe the Russians,Fear
Nuclear War,Boom Box,Vitabeats
Nuclear War,Breathing,Kate Bush
Nuclear War,Brighter Than A Thousand Suns,Iron Maiden
Nuclear War,Burning Down the House,Talking Heads
Nuclear War,Burning Heart,Survivor
Nuclear War,Can't Stop Running,Space Monkey
Nuclear War,Chain Reaction,Journey
Nuclear War,Channel-Z,The B-52's
Nuclear War,Chemical Warfare,Slayer
Nuclear War,Christmas at Ground Zero,"Weird Al" Yankovic
Nuclear War,Cities in Dust,Siouxsie &amp; The Banshees
Nuclear War,Claude Rains,The Front Lawn
Nuclear War,Clean, Clean,Bruce Woolley and the Camera Club / The Buggles
Nuclear War,Cloudburst at Shingle St.,Thomas Dolby
Nuclear War,Come Away Melinda,Bobbie Gentry
Nuclear War,Countdown to Zero,Asia
Nuclear War,Crawl Out Through the Fallout,Sheldon Allman
Nuclear War,Cries of Help,Discharge
Nuclear War,Cruise,David Gilmour
Nuclear War,Cruise Missiles,Fischer-Z
Nuclear War,Cuando Seas Grande,Miguel Mateos
Nuclear War,Curfew,The Stranglers
Nuclear War,Current Events,Joe King Carrasco and the Crowns
Nuclear War,Dancing With Tears in My Eyes,Ultravox
Nuclear War,Dangerous Moments,Martin Briley
Nuclear War,Dawn Patrol,Megadeth
Nuclear War,The Day After,The Men They Couldn't Hang
Nuclear War,The Dead Next Door,Billy Idol
Nuclear War,De Bom,Doe Maar
Nuclear War,Def.Com.One,Pop Will Eat Itself
Nuclear War,D-Day,Bus Boys
Nuclear War,Dig a Hole in the Ground,Fred Small
Nuclear War,Disaster Area,All Out Attack
Nuclear War,Distant Early Warning,Rush
Nuclear War,Domino,Genesis
Nuclear War,Don't Crash,Front 242
Nuclear War,Do You Believe in the Westworld?,Theatre of Hate
Nuclear War,Dream Home in New Zealand,The Beat
Nuclear War,Dream Told by Moto,Minutemen
Nuclear War,Earth Crusher,Mr. Lif
Nuclear War,Eighth Day,Hazel O'Connor
Nuclear War,Einstein A Go Go,Landscape
Nuclear War,Electric Funeral,Black Sabbath
Nuclear War,The End,Discharge
Nuclear War,Enola Gay,OMD
Nuclear War,Euroshima,John Waite
Nuclear War,Eve of Destruction,Barry McGuire
Nuclear War,Everybody Have Fun Tonight,Wang Chung
Nuclear War,Everybody Wants to Rule the World,Tears for Fears
Nuclear War,Everyday Is Like Sunday,Morrissey
Nuclear War,Fabulous Disaster,Exodus
Nuclear War,Fallout,Data
Nuclear War,Famous Last Words,Tears for Fears
Nuclear War,Fight Fire with Fire,Metallica
Nuclear War,The Final Bloodbath,Discharge
Nuclear War,The Final Countdown,Europe
Nuclear War,Fire in the Sky,Saxon
Nuclear War,Fireside Favourite,Fad Gadget
Nuclear War,Five Years,David Bowie
Nuclear War,Flame of the West,Big Country
Nuclear War,Flyingdale Flyer,Jethro Tull
Nuclear War,Forever Young,Alphaville
Nuclear War,Four Minute Warning,Mark Owen
Nuclear War,Four Minutes,Culture Shock
Nuclear War,Four Minutes,Roger Waters
Nuclear War,French Letters,Herbs
Nuclear War,The Future's So Bright, I Gotta Wear Shades,Timbuk 3
Nuclear War,Ghost Town,The Specials
Nuclear War,Glad It's All Over,Captain Sensible
Nuclear War,The Great Atomic Power,The Louvin Brothers
Nuclear War,Ground B Sound,Death Piggy
Nuclear War,The Gunner's Dream- Paranoid Eyes,Pink Floyd
Nuclear War,Guns in the Sky,INXS
Nuclear War,Hallowed Ground,Violent Femmes
Nuclear War,Hammer to Fall,Queen
Nuclear War,A Hard Rain's a-Gonna Fall,Bob Dylan
Nuclear War,Harrisburg,Midnight Oil
Nuclear War,Heat,Leslie Spit Treeo
Nuclear War,Heatwave,Fay Ray
Nuclear War,A Hell On Earth,Discharge
Nuclear War,He Looks Like Spencer Tracy Now,Deacon Blue
Nuclear War,Help Save the Youth of America,Billy Bragg
Nuclear War,Hercules,Midnight Oil
Nuclear War,Here Comes President Kill Again,XTC
Nuclear War,Here Comes Your Man,Pixies
Nuclear War,Heresy,Rush
Nuclear War,Hiroshima,Gary Moore
Nuclear War,Hiroshima,Sandra
Nuclear War,Hiroshima Nagasaki, Russian Roulette,Moving Hearts
Nuclear War,Hiroshima, Mon Amour,Ultravox
Nuclear War,House at Pooneil Corners,Jefferson Airplane
Nuclear War,Human Error,Subhumans
Nuclear War,I.C.B.M.,Amebix
Nuclear War,I Come and Stand at Every Door,The Byrds
Nuclear War,I Don't Wanna Die,4 Skins
Nuclear War,I Found That Essence Rare,Gang of Four
Nuclear War,Ignorance,Sacred Reich
Nuclear War,I Love the World,New Model Army
Nuclear War,In the Hole,Armored Saint
Nuclear War,Invasion,Skrewdriver
Nuclear War,I Remember the Sun,XTC
Nuclear War,Is There Something I Should Know?,Duran Duran
Nuclear War,It's A Mistake,Men At Work
Nuclear War,I've Known No War,The Who
Nuclear War,I Won't Let the Sun Go Down on Me,Nik Kershaw
Nuclear War,Janitor,Suburban Lawns
Nuclear War,Just Another Day,Oingo Boingo
Nuclear War,Jesus Hits Like the Atomic Bomb,Lowell Blanchard and the Vally Trio
Nuclear War,Kill for Peace,The Fugs
Nuclear War,Kill the Poor,Dead Kennedys
Nuclear War,Killer of Giants,Ozzy Osbourne
Nuclear War,Kinky Sex Makes the World Go Round,Dead Kennedys
Nuclear War,King of the World,Steely Dan
Nuclear War,Land of Confusion,Genesis
Nuclear War,Last Domino,Genesis
Nuclear War,Last in the House of Flames,UK Decay
Nuclear War,Lawyers in Love,Jackson Browne
Nuclear War,Leave in Silence,Depeche Mode
Nuclear War,Leningrad,Billy Joel
Nuclear War,Let Me Die In My Footsteps,Bob Dylan
Nuclear War,Let's All Make A Bomb,Heaven 17
Nuclear War,Let's Have A War,Fear
Nuclear War,Let's Talk About it,Dweezil Zappa
Nuclear War,Life During Wartime,Talking Heads
Nuclear War,Listen,Tears For Fears
Nuclear War,Live Fast, Die Young,Circle Jerks
Nuclear War,Living Through Another Cuba,XTC
Nuclear War,Lock and Key,Rush
Nuclear War,Love Missile F1-11,Sigue Sigue Sputnik
Nuclear War,Lovers in a Dangerous Time,Bruce Cockburn
Nuclear War,Man at C&amp;A,The Specials
Nuclear War,Manhattan Project,Rush
Nuclear War,Maralinga,Urban Guerrillas
Nuclear War,Massive Retaliation,Sigue Sigue Sputnik
Nuclear War,Mediate,INXS
Nuclear War,Merry Minuet,Kingston Trio
Nuclear War,Missiles,The Sound
Nuclear War,Mutually Assured Destruction (M.A.D.),Gillan
Nuclear War,Nagasaki Nightmare,Crass
Nuclear War,New Frontier,Donald Fagen
Nuclear War,North Winds Blowing,The Stranglers
Nuclear War,Nuclear Attack,Gary Moore
Nuclear War,Nuclear Cop,Redgum
Nuclear War,Nuclear War,New Politics
Nuclear War,Nuclear War,Yo La Tengo
Nuclear War,On the Beach,The Comsat Angels
Nuclear War,Paranoid Chant,Minutemen
Nuclear War,Party at Ground Zero,Fishbone
Nuclear War,Planet Earth,Duran Duran
Nuclear War,Political Science,Randy Newman
Nuclear War,Protect and Survive,Runrig
Nuclear War,Red Rain,Peter Gabriel
Nuclear War,Red Shadows,T.S.O.L.
Nuclear War,Ride the Wind,Crazy Planet
Nuclear War,Russians,Sting
Nuclear War,Seconds,U2
Nuclear War,Stop the World,The Clash
Nuclear War,Strike Zone,Loverboy
Nuclear War,Sunrise,Icehouse
Nuclear War,Thank Christ for The Bomb,Groundhogs
Nuclear War,Time Will Crawl,David Bowie
Nuclear War,Tropicana,Gruppo Italiano
Nuclear War,Twilight Gods,Helloween
Nuclear War,Warhead,UK Subs
Nuclear War,We Don't Want No Nuclear War,Peter Tosh
Nuclear War,We Will All Go Together When We Go,Tom Lehrer
Nuclear War,We Will Become Silhouettes,The Postal Service
Nuclear War,Winds of Change,Scorpions
Nuclear War,Wooden Ships,Crosby, Stills &amp; Nash
Nuclear War,World Destruction,Time Zone
Nuclear War,1999,Prince
Nuclear War,2 Minutes to Midnight,Iron Maiden
Nuclear War,99 Luftballons,Nena
